order,drug_name,index_table,duplicate,final_index
1,8-bromo-cGMP,NA,FALSE,NA
2,noretynodrel,NA,FALSE,NA
3,prednisolone-acetate,NA,FALSE,NA
4,betamethasone,242,TRUE,242
5,betamethasone,1060,TRUE,NA
6,betamethasone,2740,TRUE,NA
7,mepivacaine,NA,FALSE,NA
8,XL888,692,FALSE,692
9,metoprolol,438,FALSE,438
10,methscopolamine,2433,FALSE,2433
11,lappaconite,NA,FALSE,NA
12,terfenadine,633,FALSE,633
13,SB-218078,NA,FALSE,NA
14,diclazuril,1996,FALSE,1996
15,monensin,823,FALSE,823
16,isofloxythepin,NA,FALSE,NA
17,galeterone,1199,FALSE,1199
18,racecadotril,1750,FALSE,1750
19,CID-5458317,NA,FALSE,NA
20,norethindrone-acetate,NA,FALSE,NA
21,cyclophosphamide,228,FALSE,228
22,tipranavir,NA,FALSE,NA
23,propranolol,NA,FALSE,NA
24,GSK429286A,324,FALSE,324
25,imiloxan,NA,FALSE,NA
26,carvedilol,1991,FALSE,1991
27,nadide,NA,FALSE,NA
28,dehydrocholate-acid,NA,FALSE,NA
29,proscillaridin-A,759,FALSE,759
30,nutlin-3,478,FALSE,478
31,usniacin-(+),NA,FALSE,NA
32,pomalidomide,2358,FALSE,2358
33,fluorometholone,NA,FALSE,NA
34,ornithine,2840,FALSE,2840
35,TC1,NA,FALSE,NA
36,octopamine,NA,FALSE,NA
37,IDRA-21,NA,FALSE,NA
38,mesoridazine,NA,FALSE,NA
39,norgestrel,1960,FALSE,NA
40,isoxsuprine,NA,FALSE,NA
41,protirelin,NA,FALSE,NA
42,trolox,NA,FALSE,NA
43,lenalidomide,406,FALSE,406
44,idazoxan,NA,FALSE,NA
45,atenolol-(+/-),NA,FALSE,NA
46,canrenone,NA,FALSE,NA
47,sulmazole,NA,FALSE,NA
48,SB-205384,NA,FALSE,NA
49,itraconazole,363,FALSE,363
50,pheniramine,2679,FALSE,2679
51,sclareol,1593,FALSE,1593
52,nadifloxacin,NA,FALSE,NA
53,warfarin,678,TRUE,678
54,warfarin (merge),1675,TRUE,NA
55,isoetharine,NA,FALSE,NA
56,erastin,2105,FALSE,2105
57,aminoglutethimide,2036,FALSE,2036
58,KI-16425,2613,FALSE,2613
59,narasin,NA,FALSE,NA
60,emetine,913,FALSE,913
61,zaldaride,2536,FALSE,2536
62,formestane,1280,FALSE,1280
63,lestaurtinib,183,FALSE,183
64,alexidine,NA,FALSE,NA
65,prednisolone,853,TRUE,NA
66,prednisolone,1023,TRUE,NA
67,prednisolone,1224,TRUE,1224
68,salinomycin,576,FALSE,576
69,MTPG,NA,FALSE,NA
70,PKI-179,NA,FALSE,NA
71,puromycin,NA,FALSE,NA
72,bicalutamide,130,FALSE,130
73,florfenicol,NA,FALSE,NA
74,mozavaptan,NA,FALSE,NA
75,methocarbamol,1643,FALSE,1643
76,homosalate,NA,FALSE,NA
77,teniposide,632,FALSE,632
78,bruceantin,783,FALSE,783
79,buphenine,NA,FALSE,NA
80,oprozomib,487,FALSE,487
81,ketoconazole,2288,FALSE,2288
82,rabeprazole,2128,FALSE,2128
83,teroxirone,NA,FALSE,NA
84,practolol,NA,FALSE,NA
85,teriflunomide,634,FALSE,634
86,melengestrol-acetate,NA,FALSE,NA
87,linalool,NA,FALSE,NA
88,oxprenolol,NA,FALSE,NA
89,clobutinol,NA,FALSE,NA
90,SID-7969543,NA,FALSE,NA
91,indoprofen,NA,FALSE,NA
92,FLI-06,NA,FALSE,NA
93,WYE-125132,2160,FALSE,2160
94,iododexetimide,NA,FALSE,NA
95,buthionine-sulfoximine,NA,FALSE,NA
96,ecamsule-triethanolamine,NA,FALSE,NA
97,mitomycin-C,NA,FALSE,NA
98,ajmaline,NA,FALSE,NA
99,methacycline,2083,FALSE,2083
100,ciprofibrate,1624,FALSE,1624
101,fludroxycortide,NA,FALSE,NA
102,flumethasone-pivalate,NA,FALSE,NA
103,terbutaline,NA,FALSE,NA
104,meclizine,1054,FALSE,1054
105,palomid-529,809,FALSE,809
106,hypoestoxide,NA,FALSE,NA
107,halofantrine,1545,FALSE,1545
108,Ro-106-9920,NA,FALSE,NA
109,prednisolone-tebutate,NA,FALSE,NA
110,butylscopolamine-bromide,NA,FALSE,NA
111,lanoconazole,NA,FALSE,NA
112,KF-38789,NA,FALSE,NA
113,K-strophanthidin,NA,FALSE,NA
114,methotrexate,436,FALSE,436
115,BNTX,NA,FALSE,NA
116,primaquine,NA,FALSE,NA
117,omeprazole,1287,TRUE,1287
118,omeprazole,1797,TRUE,NA
119,omeprazole,1884,TRUE,NA
120,piroxicam,2245,FALSE,2245
121,PD-318088,1859,FALSE,1859
122,oxymatrine,1908,FALSE,1908
123,golgicide-A,NA,FALSE,NA
124,oxyphencyclimine,NA,FALSE,NA
125,selamectin,NA,FALSE,NA
126,quinethazone,NA,FALSE,NA
127,amisulpride,2134,FALSE,2134
128,8-hydroxy-PIPAT,NA,FALSE,NA
129,sodium-stibogluconate,NA,FALSE,NA
130,Ro-04-5595,NA,FALSE,NA
131,sangivamycin,NA,FALSE,NA
132,mexiletine,NA,FALSE,NA
133,lanatoside-C,NA,FALSE,NA
134,DPI-201106,NA,FALSE,NA
135,isometheptene-mucate,NA,FALSE,NA
136,EMD-53998,NA,FALSE,NA
137,ixazomib-citrate,NA,FALSE,NA
138,ifosfamide,346,FALSE,346
139,lafutidine,2223,FALSE,2223
140,K-858,NA,FALSE,NA
141,naftidrofuryl,NA,FALSE,NA
142,pranidipine,NA,FALSE,NA
143,BTS-54505,NA,FALSE,NA
144,evodiamine,1921,FALSE,1921
145,echinomycin,770,FALSE,770
146,minocycline,2097,FALSE,2097
147,secnidazole,2295,FALSE,2295
148,sulconazole,NA,FALSE,NA
149,estramustine,275,FALSE,275
150,fendiline,NA,FALSE,NA
151,metoxibutropate,NA,FALSE,NA
152,SKF-96365,NA,FALSE,NA
153,lasalocid,NA,FALSE,NA
154,peruvoside,NA,FALSE,NA
155,adaprev,NA,FALSE,NA
156,tagatose,NA,FALSE,NA
157,nanchangmycin,2584,FALSE,2584
158,CGP-54626,NA,FALSE,NA
159,ibutilide,2604,FALSE,2604
160,estradiol-benzoate,NA,FALSE,NA
161,pralatrexate,541,FALSE,541
162,clenbuterol,NA,FALSE,NA
163,lomefloxacin,2003,FALSE,2003
164,leucovorin,2167,FALSE,2167
165,bafetinib,359,FALSE,359
166,prednisolone-hemisuccinate,NA,FALSE,NA
167,midodrine,NA,FALSE,NA
168,bendroflumethiazide,NA,FALSE,NA
169,NSC-23766,2297,FALSE,2297
170,fenoprofen,283,FALSE,283
171,BI-D1870,1011,FALSE,1011
172,saxagliptin,2853,FALSE,2853
173,oligomycin-A,NA,FALSE,NA
174,A61603,NA,FALSE,NA
175,mephenytoin,NA,FALSE,NA
176,meloxicam,1233,FALSE,1233
177,clopamide,NA,FALSE,NA
178,fulvestrant,298,FALSE,298
179,tetrahydrouridine,2736,FALSE,2736
180,halcinonide,NA,FALSE,NA
181,CGP-37849,NA,FALSE,NA
182,eptifibatide,NA,FALSE,NA
183,eprinomectin,NA,FALSE,NA
184,estradiol-cypionate,NA,FALSE,NA
185,camylofine-chlorhydrate,NA,FALSE,NA
186,tetrahydropapaverine,2665,FALSE,2665
187,triamcinolone-acetonide,NA,FALSE,NA
188,danazol,NA,FALSE,NA
189,trimebutine,NA,FALSE,NA
190,N-acetylmannosamine,NA,FALSE,NA
191,digitoxin,246,FALSE,NA
192,PETCM,NA,FALSE,NA
193,nicotine,920,FALSE,NA
194,bucladesine,NA,FALSE,NA
195,digoxin,246,FALSE,246
196,ginkgolide-A,NA,FALSE,NA
197,nisoxetine,NA,FALSE,NA
198,colfosceril-palmitate,NA,FALSE,NA
199,pindolol,NA,FALSE,NA
200,ketoprofen,2426,FALSE,2426
201,"hydroxytacrine-maleate-(R,S)",NA,FALSE,NA
202,epinastine,NA,FALSE,NA
203,paliperidone,NA,FALSE,NA
204,estramustine-phosphate,NA,FALSE,NA
205,adarotene,NA,FALSE,NA
206,colchicine,975,FALSE,975
207,PPT,NA,FALSE,NA
208,RITA,781,TRUE,781
209,RITA,787,TRUE,NA
210,trovafloxacin,NA,FALSE,NA
211,9-aminoacridine,NA,FALSE,NA
212,AG-14361,2213,FALSE,2213
213,CL-218872,NA,FALSE,NA
214,famotidine,2116,FALSE,2116
215,chromium-picolinate,NA,FALSE,NA
216,nitisinone,472,FALSE,472
217,uric-acid,NA,FALSE,NA
218,rifampin,758,FALSE,758
219,dihydromyricetin,1147,FALSE,1147
220,chlorindanol,NA,FALSE,NA
221,triapine,8,FALSE,8
222,TAK-901,623,FALSE,623
223,UNC2250,1373,FALSE,1373
224,olaparib,483,FALSE,483
225,panobinostat,500,FALSE,500
226,CHIR-124,1896,FALSE,1896
227,RG2833,NA,FALSE,NA
228,parbendazole,799,FALSE,799
229,sulfanilamide,748,TRUE,NA
230,sulfanilamide,2221,TRUE,2221
231,methiazole,NA,FALSE,NA
232,kifunensine,NA,FALSE,NA
233,clofoctol,NA,FALSE,NA
234,PF-477736,523,FALSE,523
235,NSC-663284,902,FALSE,902
236,trifluridine,924,FALSE,924
237,1-azakenpaullone,NA,FALSE,NA
238,CCT137690,NA,FALSE,NA
239,NU-6027,476,FALSE,476
240,roquinimex,1965,FALSE,1965
241,cobimetinib,895,FALSE,895
242,azacitidine,95,FALSE,95
243,foretinib,294,FALSE,294
244,XL388,NA,FALSE,NA
245,ixabepilone,368,FALSE,368
246,XL647,814,FALSE,814
247,raclopride,NA,FALSE,NA
248,oxcarbazepine,1284,FALSE,1284
249,favipiravir,1203,FALSE,1203
250,drospirenone,2412,FALSE,2412
251,7-nitroindazole,NA,FALSE,NA
252,epirubicin,271,FALSE,271
253,4-pyrimidinecarbonitrile,NA,FALSE,NA
254,octenidine,NA,FALSE,NA
255,YO-01027,2308,FALSE,2308
256,BIBR-1532,1871,FALSE,1871
257,VE-822,821,FALSE,821
258,GSK1904529A,314,FALSE,314
259,GSK-3-inhibitor-IX,NA,FALSE,NA
260,LY2334737,NA,FALSE,NA
261,PD-184352,197,FALSE,197
262,E7449,904,FALSE,904
263,WP1066,NA,FALSE,NA
264,dronedarone,2150,FALSE,2150
265,sevoflurane,NA,FALSE,NA
266,PSI-7976,NA,FALSE,NA
267,methoxyflurane,NA,FALSE,NA
268,posaconazole,1759,FALSE,1759
269,LY364947,NA,FALSE,NA
270,UK-383367,1156,FALSE,1156
271,ryuvidine,NA,FALSE,NA
272,vinblastine,668,FALSE,668
273,bisindolylmaleimide-IX,NA,FALSE,NA
274,LE-135,NA,FALSE,NA
275,GSK1838705A,313,FALSE,313
276,nobiletin,NA,FALSE,NA
277,fosbretabulin,NA,FALSE,NA
278,AM-580,NA,FALSE,NA
279,cabazitaxel,166,FALSE,166
280,BMS-599626,146,FALSE,146
281,frentizole,NA,FALSE,NA
282,cinnarazine,NA,FALSE,NA
283,dexrazoxane,244,FALSE,244
284,PF-04691502,517,FALSE,517
285,benfotiamine,NA,FALSE,NA
286,BAM7,112,FALSE,112
287,WHI-P154,2137,FALSE,2137
288,curcumin,221,FALSE,221
289,sparfloxacin,2439,FALSE,2439
290,VX-702,677,FALSE,677
291,aminopurvalanol-a,NA,FALSE,NA
292,danusertib,827,FALSE,827
293,PF-05212384,519,FALSE,519
294,GSK2126458,315,FALSE,315
295,tetrandrine,788,FALSE,788
296,I-BET-762,340,FALSE,340
297,LCL-161,404,FALSE,404
298,chlorpyrifos,NA,FALSE,NA
299,sarafloxacin,1057,FALSE,1057
300,gambogic-acid,NA,FALSE,NA
301,irinotecan,357,FALSE,357
302,ramatroban,2357,FALSE,2357
303,thioproperazine,NA,FALSE,NA
304,tremorine,NA,FALSE,NA
305,3-amino-benzamide,NA,FALSE,NA
306,fenaclon,NA,FALSE,NA
307,pelitinib,257,FALSE,257
308,DU-728,NA,FALSE,NA
309,CCG-50014,NA,FALSE,NA
310,zolantidine,NA,FALSE,NA
311,"CP-945,598",NA,FALSE,NA
312,D-4476,2601,FALSE,2601
313,merimepodib,NA,FALSE,NA
314,SR-57227A,NA,FALSE,NA
315,lovastatin,847,FALSE,847
316,TAS-103,NA,FALSE,NA
317,PHA-680632,1781,FALSE,1781
318,mibefradil,NA,FALSE,NA
319,forskolin,NA,FALSE,NA
320,VS-4718,764,FALSE,764
321,caffeic-acid,NA,FALSE,NA
322,dabrafenib,232,FALSE,232
323,sulfasalazine,1102,FALSE,1102
324,GW-405833,NA,FALSE,NA
325,temocapril,2305,FALSE,2305
326,clobetasol-propionate,NA,FALSE,NA
327,phenylbutazone,NA,FALSE,NA
328,tiludronate,NA,FALSE,NA
329,latanoprost,NA,FALSE,NA
330,ICI-162846,NA,FALSE,NA
331,CPI-1189,2321,FALSE,2321
332,norfloxacin,2263,FALSE,2263
333,tazemetostat,2445,FALSE,2445
334,ambazone,NA,FALSE,NA
335,aspirin,1491,FALSE,1491
336,teprenone,NA,FALSE,NA
337,morin,1561,FALSE,1561
338,carmofur,956,FALSE,956
339,JNJ-7706621,2451,FALSE,2451
340,sulfamethazine,NA,FALSE,NA
341,pyroxamide,1118,FALSE,1118
342,pardoprunox,NA,FALSE,NA
343,PJ-34,NA,FALSE,NA
344,ER-27319,NA,FALSE,NA
345,tipiracil,2718,FALSE,2718
346,AT7867,NA,FALSE,NA
347,LY2608204,1088,FALSE,1088
348,NVP-BEZ235,NA,FALSE,NA
349,MEK1-2-inhibitor,NA,FALSE,NA
350,vincristine,669,FALSE,669
351,trametinib,650,FALSE,650
352,fedratinib,579,FALSE,579
353,nocodazole,929,FALSE,929
354,CX-5461,223,FALSE,223
355,PCI-24781,505,FALSE,505
356,dapivirine,NA,FALSE,NA
357,YM-976,NA,FALSE,NA
358,ciclopirox,198,FALSE,198
359,BMS-754807,149,FALSE,149
360,uridine,282,TRUE,NA
361,uridine,288,TRUE,NA
362,uridine,773,TRUE,NA
363,uridine,916,TRUE,916
364,uridine,924,TRUE,NA
365,uridine,981,TRUE,NA
366,uridine,1275,TRUE,NA
367,uridine,1582,TRUE,NA
368,uridine,2736,TRUE,NA
369,acivicin,NA,FALSE,NA
370,UNC0631,NA,FALSE,NA
371,CGP-52411,NA,FALSE,NA
372,PFI-1,526,FALSE,526
373,artemisinin,889,FALSE,889
374,AR-42,63,FALSE,63
375,NSC-3852,NA,FALSE,NA
376,pentamidine,933,FALSE,933
377,piperazine,381,FALSE,381
378,KY02111,NA,FALSE,NA
379,ebastine,NA,FALSE,NA
380,thonzonium,NA,FALSE,NA
381,AT-7519,88,FALSE,88
382,isopropyl-myristate,NA,FALSE,NA
383,everolimus,279,FALSE,279
384,BMS-345541,142,FALSE,142
385,pepstatin,761,FALSE,761
386,P5091,NA,FALSE,NA
387,midostaurin,442,FALSE,442
388,dinaciclib,247,FALSE,247
389,bitopertin,NA,FALSE,NA
390,givinostat,1552,FALSE,1552
391,tenovin-6,NA,FALSE,NA
392,ritodrine,2070,FALSE,2070
393,LY2603618,422,FALSE,422
394,MK-0812,994,FALSE,994
395,BAY-K-8644-(s)-(-),NA,FALSE,NA
396,FG-4592,NA,FALSE,NA
397,TG-02,581,FALSE,581
398,IKK-16,2417,FALSE,2417
399,berberine,840,FALSE,840
400,GW-501516,1918,FALSE,1918
401,GSK650394,319,FALSE,319
402,BAY-11-7082,NA,FALSE,NA
403,tiotidine,NA,FALSE,NA
404,gemcitabine,306,FALSE,306
405,carfilzomib,174,FALSE,174
406,penfluridol,NA,FALSE,NA
407,SB-228357,NA,FALSE,NA
408,CS-110266,NA,FALSE,NA
409,papaverine,1361,TRUE,1361
410,papaverine,2665,TRUE,NA
411,obatoclax,329,FALSE,329
412,cefdinir,1193,FALSE,1193
413,maytansinol-isobutyrate,NA,FALSE,NA
414,clotrimazole,943,FALSE,943
415,pyrithione-zinc,NA,FALSE,NA
416,bis(maltolato)oxovanadium(IV),NA,FALSE,NA
417,CHIR-99021,194,FALSE,194
418,oxymetazoline,2246,FALSE,2246
419,piperacetazine,NA,FALSE,NA
420,CCMI,NA,FALSE,NA
421,PLX4720,538,FALSE,538
422,mocetinostat,439,FALSE,439
423,forodesine,NA,FALSE,NA
424,evacetrapib,2754,FALSE,2754
425,GTP-14564,NA,FALSE,NA
426,regorafenib,565,FALSE,565
427,filgotinib,1219,FALSE,1219
428,pibenzimol,NA,FALSE,NA
429,stattic,NA,FALSE,NA
430,bendamustine,120,FALSE,120
431,chloroxine,2577,FALSE,2577
432,LY2874455,427,FALSE,427
433,clebopride,NA,FALSE,NA
434,GSK2830371,2627,FALSE,2627
435,penicillamine-(D),NA,FALSE,NA
436,talmapimod,1392,FALSE,1392
437,indisulam,351,FALSE,351
438,PD-168393,2605,FALSE,2605
439,JTC-801,2415,FALSE,2415
440,belinostat,118,FALSE,118
441,tranilast,2885,FALSE,2885
442,indirubin,954,TRUE,NA
443,indirubin,1738,TRUE,1738
444,eprobemide,NA,FALSE,NA
445,fdcyd,NA,FALSE,NA
446,HA14-1,1792,FALSE,1792
447,propoxycaine,NA,FALSE,NA
448,spermine,NA,FALSE,NA
449,TG-100572,NA,FALSE,NA
450,digitoxigenin,NA,FALSE,NA
451,nafcillin,NA,FALSE,NA
452,mexeneone,NA,FALSE,NA
453,digoxigenin,NA,FALSE,NA
454,bifemelane,NA,FALSE,NA
455,LB42708,NA,FALSE,NA
456,dalcetrapib,1627,FALSE,1627
457,salvianolic-acid-B,NA,FALSE,NA
458,estradiol,276,TRUE,NA
459,estradiol,907,TRUE,NA
460,estradiol,1340,TRUE,1340
461,LY2801653,425,FALSE,425
462,pacritinib,486,FALSE,486
463,mubritinib,2193,FALSE,2193
464,darapladib,NA,FALSE,NA
465,salvinorin-A,NA,FALSE,NA
466,gossypol,84,FALSE,84
467,FR-139317,NA,FALSE,NA
468,RKI-1447,2807,FALSE,2807
469,colforsin-daproate,NA,FALSE,NA
470,SB-242235,2214,FALSE,2214
471,saracatinib,96,FALSE,96
472,creatine,NA,FALSE,NA
473,GGTI-298,NA,FALSE,NA
474,lapatinib,401,FALSE,401
475,eplerenone,2336,FALSE,2336
476,sonidegib,1,FALSE,1
477,R406,NA,FALSE,NA
478,BIX-02188,2051,FALSE,2051
479,LY2606368,423,FALSE,423
480,BNC105,NA,FALSE,NA
481,rutin (new),341,TRUE,NA
482,rutin,839,TRUE,NA
483,rutin,894,TRUE,NA
484,rutin,1229,TRUE,NA
485,rutin,1242,TRUE,NA
486,rutin,1421,TRUE,NA
487,rutin,2351,TRUE,NA
488,bardoxolone,113,FALSE,113
489,NSC-697923,NA,FALSE,NA
490,mefexamide,NA,FALSE,NA
491,CEP-32496,1841,FALSE,1841
492,SKI-II,1315,FALSE,1315
493,TH-302,NA,FALSE,NA
494,NVP-TAE226,857,FALSE,857
495,enoximone,NA,FALSE,NA
496,beta-naphthol,NA,FALSE,NA
497,riluzole,571,FALSE,571
498,selinexor,1181,FALSE,1181
499,marimastat,2091,FALSE,2091
500,desonide,2142,TRUE,2142
501,desonide,2375,TRUE,NA
502,xylazine,NA,FALSE,NA
503,cariporide,NA,FALSE,NA
504,pitolisant,NA,FALSE,NA
505,mitoxantrone,446,FALSE,446
506,KW-2449,397,FALSE,397
507,AMG900,53,FALSE,53
508,AMG458,51,FALSE,51
509,loxistatin-acid,NA,FALSE,NA
510,U-18666A,NA,FALSE,NA
511,napabucasin,1769,FALSE,1769
512,crenolanib,210,FALSE,210
513,simvastatin,601,FALSE,601
514,LY303511,NA,FALSE,NA
515,scriptaid,NA,FALSE,NA
516,DVD-111,NA,FALSE,NA
517,odanacatib,448,FALSE,448
518,AV-412,2742,FALSE,2742
519,busulfan,159,FALSE,159
520,GDC-0980,191,FALSE,191
521,broxyquinoline,NA,FALSE,NA
522,CYT-997,230,FALSE,230
523,benzyldimethylhexadecylammonium,NA,FALSE,NA
524,nilutamide,1798,FALSE,1798
525,voreloxin,NA,FALSE,NA
526,dichlorvos,NA,FALSE,NA
527,oridonin,2655,FALSE,2655
528,AM095,NA,FALSE,NA
529,sorafenib,608,FALSE,608
530,abiraterone-acetate,NA,FALSE,NA
531,VU0238429,NA,FALSE,NA
532,deoxycorticosterone-acetate,NA,FALSE,NA
533,ETP-46464,NA,FALSE,NA
534,AT-9283,89,FALSE,89
535,AZD3463,NA,FALSE,NA
536,phlorizin,2761,FALSE,2761
537,5-hydroxymethyl-tolterodine,NA,FALSE,NA
538,NVP-AEW541,36,FALSE,36
539,ethacridine-lactate-monohydrate,NA,FALSE,NA
540,5-fluorouracil,10,FALSE,10
541,CNX-2006,1473,FALSE,1473
542,pirenperone,NA,FALSE,NA
543,apatinib,401,TRUE,NA
544,apatinib,705,TRUE,705
545,MK-8745,NA,FALSE,NA
546,OSI-930,490,FALSE,490
547,GSK2110183,2808,FALSE,2808
548,maprotiline,1634,FALSE,1634
549,JNJ-16259685,2864,FALSE,2864
550,LY2784544,424,FALSE,424
551,4-iodo-6-phenylpyrimidine,NA,FALSE,NA
552,PRT062070,2032,FALSE,2032
553,josamycin,NA,FALSE,NA
554,licochalcone-A,NA,FALSE,NA
555,tucatinib,71,FALSE,71
556,NMS-873,2828,FALSE,2828
557,K-Ras(G12C)-inhibitor-6,NA,FALSE,NA
558,carboxypyridine-disulfide,NA,FALSE,NA
559,PD-153035,2396,FALSE,2396
560,thiocolchicoside,NA,FALSE,NA
561,tilmicosin,NA,FALSE,NA
562,imiquimod,349,FALSE,349
563,TAK-733,622,FALSE,622
564,VX-765,2366,FALSE,2366
565,VE-821,665,FALSE,665
566,BIX-01294,848,FALSE,848
567,GW-842166,NA,FALSE,NA
568,azomycin-(2-nitroimidazole),NA,FALSE,NA
569,costunolide,2237,FALSE,2237
570,AST-1306,1660,FALSE,1660
571,D-64131,NA,FALSE,NA
572,metatinib,NA,FALSE,NA
573,levocetirizine,NA,FALSE,NA
574,butamben,NA,FALSE,NA
575,calcitriol,1368,FALSE,1368
576,nomegestrol-acetate,NA,FALSE,NA
577,clindamycin-phosphate,NA,FALSE,NA
578,cyclovirobuxin-D,NA,FALSE,NA
579,beta-lapachone,400,FALSE,400
580,cyproheptadine,1002,FALSE,1002
581,spiradoline,NA,FALSE,NA
582,flutamide,1052,TRUE,NA
583,flutamide,2815,TRUE,2815
584,CH5132799,NA,FALSE,NA
585,TW-37,2625,FALSE,2625
586,AP1903,NA,FALSE,NA
587,AZD4547,102,FALSE,102
588,nitrocaramiphen,NA,FALSE,NA
589,chidamide,2813,FALSE,2813
590,benzydamine,NA,FALSE,NA
591,A-803467,1325,FALSE,1325
592,cilostamide,NA,FALSE,NA
593,resminostat,1578,FALSE,1578
594,genipin,1952,FALSE,1952
595,CD-437,NA,FALSE,NA
596,isoflupredone-acetate,NA,FALSE,NA
597,thiram,NA,FALSE,NA
598,BGT226,125,FALSE,125
599,chlorambucil,195,FALSE,195
600,1-naphthyl-PP1,NA,FALSE,NA
601,ziprasidone,1686,FALSE,1686
602,MK-8245,2161,FALSE,2161
603,hypericin,NA,FALSE,NA
604,axitinib,93,FALSE,93
605,clomifene,816,FALSE,816
606,KX2-391,398,FALSE,398
607,domiphen,NA,FALSE,NA
608,torasemide,NA,FALSE,NA
609,homoquinolinic-acid,NA,FALSE,NA
610,docetaxel,249,FALSE,249
611,SB-216641,NA,FALSE,NA
612,unbs-5162,1887,FALSE,1887
613,FR-122047,NA,FALSE,NA
614,NH125,NA,FALSE,NA
615,lucitanib,866,FALSE,866
616,oxonic-acid,NA,FALSE,NA
617,AZD9668,2311,FALSE,2311
618,1-phenylbiguanide,NA,FALSE,NA
619,rimexolone,NA,FALSE,NA
620,icotinib,1935,FALSE,1935
621,levobunolol,NA,FALSE,NA
622,TAK-632,NA,FALSE,NA
623,enocitabine,NA,FALSE,NA
624,temozolomide,630,FALSE,630
625,AMG-208,50,FALSE,50
626,D-7193,NA,FALSE,NA
627,etomoxir,277,TRUE,277
628,etomoxir,1469,TRUE,NA
629,vanoxerine,2028,FALSE,2028
630,orotic-acid,NA,FALSE,NA
631,SU3327,NA,FALSE,NA
632,disulfiram,1962,FALSE,1962
633,azathioprine,946,FALSE,946
634,adapalene,2378,FALSE,2378
635,ouabain,947,FALSE,947
636,tivantinib,67,FALSE,67
637,exemestane,281,FALSE,281
638,obidoxime,NA,FALSE,NA
639,rociletinib,767,FALSE,767
640,abemaciclib,426,FALSE,426
641,difluprednate,NA,FALSE,NA
642,ML133,NA,FALSE,NA
643,valnemulin,NA,FALSE,NA
644,GW-3965,NA,FALSE,NA
645,ZK-93423,NA,FALSE,NA
646,clofarabine,204,FALSE,204
647,tanshinone-I,NA,FALSE,NA
648,cimetidine,200,FALSE,200
649,cibenzoline,NA,FALSE,NA
650,imidapril,NA,FALSE,NA
651,streptozotocin,613,FALSE,613
652,tyrphostin-AG-494,NA,FALSE,NA
653,parthenolide-(-),NA,FALSE,NA
654,levonorgestrel,1960,FALSE,NA
655,methylprednisolone,853,FALSE,853
656,ciclesonide,1941,FALSE,1941
657,GZD824,NA,FALSE,NA
658,dacarbazine,233,FALSE,233
659,SR-27897,NA,FALSE,NA
660,gimeracil,1071,FALSE,1071
661,calcium-gluceptate,NA,FALSE,NA
662,niclosamide,822,FALSE,822
663,ABT-702,2047,FALSE,2047
664,cycloheximide,826,FALSE,826
665,WAY-170523,NA,FALSE,NA
666,broxaldine,NA,FALSE,NA
667,carmustine,175,FALSE,175
668,asymmetrical-dimethylarginine,NA,FALSE,NA
669,I-BET151,312,FALSE,312
670,dolutegravir,1037,FALSE,1037
671,bindarit,2389,FALSE,2389
672,PU-H71,NA,FALSE,NA
673,tamibarotene,1636,FALSE,1636
674,cyromazine,NA,FALSE,NA
675,stemregenin-1,NA,FALSE,NA
676,GSK1070916,322,FALSE,322
677,ribociclib,935,FALSE,935
678,tetramethylthiuram-monosulfide,NA,FALSE,NA
679,fexinidazole,NA,FALSE,NA
680,CEP-33779,1526,FALSE,1526
681,astemizole,NA,FALSE,NA
682,mifepristone,1388,FALSE,1388
683,kenpaullone,NA,FALSE,NA
684,filanesib,72,FALSE,72
685,zardaverine,NA,FALSE,NA
686,GSK256066,NA,FALSE,NA
687,MRS-1220,NA,FALSE,NA
688,AZD8330,107,FALSE,107
689,SB-525334,1449,FALSE,1449
690,dioscin,2551,FALSE,2551
691,PF-03758309,2259,FALSE,2259
692,afobazole,NA,FALSE,NA
693,etoposide,278,FALSE,278
694,LY2183240,NA,FALSE,NA
695,clocortolone-pivalate,NA,FALSE,NA
696,bumetanide,1038,FALSE,1038
697,narlaprevir,NA,FALSE,NA
698,domperidone,1551,FALSE,1551
699,uprosertib,756,FALSE,756
700,FK-3311,NA,FALSE,NA
701,atiprimod,2532,FALSE,2532
702,VER-49009,NA,FALSE,NA
703,ganetespib,611,FALSE,611
704,JK-184,1800,FALSE,1800
705,MK-0773,NA,FALSE,NA
706,SAR131675,NA,FALSE,NA
707,4-chlorophenylguanidine,NA,FALSE,NA
708,STF-118804,1127,FALSE,1127
709,atipamezole,NA,FALSE,NA
710,DMH1,NA,FALSE,NA
711,nithiamide,NA,FALSE,NA
712,triptolide,654,FALSE,654
713,SDZ-WAG-994,NA,FALSE,NA
714,ADL5859,NA,FALSE,NA
715,TG-101209,1851,FALSE,1851
716,lenvatinib,407,FALSE,407
717,bisacodyl,713,FALSE,713
718,SB-505124,586,FALSE,586
719,torin-1,NA,FALSE,NA
720,tyrphostin-A9,NA,FALSE,NA
721,crizotinib-(S),NA,FALSE,NA
722,CR8-(R),NA,FALSE,NA
723,spermidine,900,FALSE,900
724,eltrombopag,1376,FALSE,1376
725,hyoscyamine,NA,FALSE,NA
726,AEE788,34,FALSE,34
727,lacitol,NA,FALSE,NA
728,SC-12267,NA,FALSE,NA
729,parachlorophenol,NA,FALSE,NA
730,GSK2656157,NA,FALSE,NA
731,cyproterone-acetate,NA,FALSE,NA
732,KW-2478,1017,FALSE,1017
733,CUDC-101,219,FALSE,219
734,GW-441756,NA,FALSE,NA
735,ZM-306416,NA,FALSE,NA
736,lonafarnib,2033,FALSE,2033
737,STA-5326,NA,FALSE,NA
738,NVP-AUY922,91,FALSE,91
739,tioxolone,1047,FALSE,1047
740,buparlisib,135,FALSE,135
741,"3,4-methylenedioxy-beta-nitrostyrene",NA,FALSE,NA
742,AZ20,NA,FALSE,NA
743,tasisulam,NA,FALSE,NA
744,satraplatin,NA,FALSE,NA
745,verubulin,270,FALSE,270
746,epiandrosterone,NA,FALSE,NA
747,osimertinib,1324,FALSE,1324
748,sunitinib,615,FALSE,615
749,temsirolimus,631,FALSE,631
750,acetophenazine,NA,FALSE,NA
751,CHIR-98014,NA,FALSE,NA
752,mibampator,NA,FALSE,NA
753,SR-33805,NA,FALSE,NA
754,GDC-0349,569,FALSE,569
755,polydatin,1206,FALSE,1206
756,daunorubicin,237,TRUE,237
757,daunorubicin,343,TRUE,NA
758,BMS-387032,143,FALSE,143
759,oncrasin-1,NA,FALSE,NA
760,acetazolamide,NA,FALSE,NA
761,OTX015,964,FALSE,964
762,defactinib,819,FALSE,819
763,CP-673451,2700,FALSE,2700
764,WP1130,NA,FALSE,NA
765,iobenguane,NA,FALSE,NA
766,L-798106,NA,FALSE,NA
767,hyodeoxycholic-acid,NA,FALSE,NA
768,flufenamic-acid,NA,FALSE,NA
769,Y-27632,699,FALSE,699
770,ponatinib,61,FALSE,61
771,2-methoxyestradiol,907,FALSE,907
772,TU-2100,NA,FALSE,NA
773,bromosporine,NA,FALSE,NA
774,vismodegib,302,FALSE,302
775,taselisib,879,FALSE,879
776,atenolol-(-),NA,FALSE,NA
777,famciclovir,2474,FALSE,2474
778,clofibrate,1889,FALSE,1889
779,7-hydroxystaurosporine,14,FALSE,14
780,betulinic-acid,NA,FALSE,NA
781,JZL-184,380,FALSE,380
782,VU0361737,NA,FALSE,NA
783,M-344,2515,FALSE,2515
784,MPI-0479605,2615,FALSE,2615
785,3'-fluorobenzylspiperone,NA,FALSE,NA
786,anguidine,NA,FALSE,NA
787,XBD173,NA,FALSE,NA
788,ARRY-334543,664,FALSE,664
789,TG-100713,NA,FALSE,NA
790,acetylsalicylsalicylic-acid,NA,FALSE,NA
791,KP-1212,NA,FALSE,NA
792,metyrapone,NA,FALSE,NA
793,phenazone,NA,FALSE,NA
794,cytochalasin-B,NA,FALSE,NA
795,BAN-ORL-24,NA,FALSE,NA
796,cetrimonium,NA,FALSE,NA
797,chlorogenic-acid,NA,FALSE,NA
798,KI-8751,2283,FALSE,2283
799,4-(4-fluorobenzoyl)-1-(4-phenylbutyl)-piperidine,NA,FALSE,NA
800,LY2109761,419,FALSE,419
801,PP-1,1820,FALSE,NA
802,dexamethasone-acetate,NA,FALSE,NA
803,floxuridine,288,FALSE,288
804,podophyllotoxin,912,TRUE,912
805,podophyllotoxin,1919,TRUE,NA
806,bephenium-hydroxynaphthoate,NA,FALSE,NA
807,balapiravir,NA,FALSE,NA
808,trometamol,NA,FALSE,NA
809,cebranopadol,1493,FALSE,1493
810,ethinyl-estradiol,NA,FALSE,NA
811,tecastemizole,NA,FALSE,NA
812,CNX-774,1922,FALSE,1922
813,methyldopa,1727,FALSE,1727
814,BAY-11-7085,NA,FALSE,NA
815,S26948,NA,FALSE,NA
816,cytochlor,NA,FALSE,NA
817,PSB-1115,NA,FALSE,NA
818,CGS-15943,NA,FALSE,NA
819,securinine,NA,FALSE,NA
820,nintedanib,129,FALSE,129
821,prazosin,1614,FALSE,1614
822,BIBU-1361,NA,FALSE,NA
823,ribitol,NA,FALSE,NA
824,dasatinib,236,FALSE,236
825,thioguanine,12,FALSE,NA
826,PIK-75,2653,FALSE,2653
827,pilaralisib,688,FALSE,688
828,alfacalcidol,NA,FALSE,NA
829,BMS-707035,1953,FALSE,1953
830,BX-912,162,FALSE,162
831,4-hydroxy-phenazone,NA,FALSE,NA
832,etofylline-clofibrate,NA,FALSE,NA
833,PD-0325901,506,FALSE,506
834,mesna,1674,TRUE,NA
835,mesna,1790,TRUE,1790
836,baicalin,2416,FALSE,2416
837,PHA-767491,1603,FALSE,1603
838,RS-67506,NA,FALSE,NA
839,abiraterone,20,FALSE,20
840,NVP-TAE684,480,FALSE,480
841,canertinib,171,FALSE,171
842,fenofibrate,1053,FALSE,1053
843,capsaicin,997,FALSE,997
844,oxiracetam,NA,FALSE,NA
845,acesulfame-potassium,NA,FALSE,NA
846,dienogest,2371,FALSE,2371
847,tropisetron,2289,FALSE,2289
848,cobicistat,NA,FALSE,NA
849,lurasidone,NA,FALSE,NA
850,fluoromethylcholine,NA,FALSE,NA
851,palbociclib,499,FALSE,499
852,fenbendazole,962,FALSE,962
853,meglitinide,NA,FALSE,NA
854,toremifene,1319,FALSE,1319
855,demecarium,NA,FALSE,NA
856,taurine,2067,FALSE,2067
857,cabozantinib,167,TRUE,167
858,cabozantinib (merge),1586,TRUE,NA
859,TPCA-1,649,FALSE,649
860,ilomastat,1667,FALSE,1667
861,hydroxyurea,337,FALSE,337
862,P276-00,NA,FALSE,NA
863,nemorubicin,716,FALSE,716
864,BIIB021,206,FALSE,206
865,metronidazole,2164,FALSE,2164
866,oxibendazole,777,FALSE,777
867,anastrozole,60,FALSE,60
868,R547,557,FALSE,557
869,chlorhexidine,2651,FALSE,2651
870,tacedinaline,1868,FALSE,1868
871,lidocaine,NA,FALSE,NA
872,TAK-715,621,FALSE,621
873,dirithromycin,NA,FALSE,NA
874,epothilone-D,NA,FALSE,NA
875,GDC-0941,303,FALSE,303
876,pterostilbene,NA,FALSE,NA
877,niridazole,NA,FALSE,NA
878,tivozanib,80,FALSE,80
879,OTS167,NA,FALSE,NA
880,arctigenin,NA,FALSE,NA
881,aurora-a-inhibitor-i,NA,FALSE,NA
882,baricitinib,1132,FALSE,1132
883,MK-5108,453,FALSE,453
884,cinalukast,NA,FALSE,NA
885,PRT062607,NA,FALSE,NA
886,ruxolitinib,350,FALSE,350
887,remoxipride,NA,FALSE,NA
888,CMPD-1,NA,FALSE,NA
889,dichlorisone-acetate,NA,FALSE,NA
890,halofuginone,NA,FALSE,NA
891,MK-1775,449,FALSE,449
892,monobenzone,1762,FALSE,1762
893,zolmitriptan,1995,FALSE,1995
894,PR-619,NA,FALSE,NA
895,JQ1-(+),NA,FALSE,NA
896,artesunate,957,FALSE,957
897,fudosteine,NA,FALSE,NA
898,equol,NA,FALSE,NA
899,niraparib,452,FALSE,452
900,alpelisib,164,FALSE,164
901,amoxicillin,1886,FALSE,1886
902,rigosertib,484,FALSE,484
903,SC-144,NA,FALSE,NA
904,AM-404,NA,FALSE,NA
905,torcetrapib,1306,FALSE,1306
906,topotecan,646,FALSE,646
907,latrepirdine,2452,FALSE,2452
908,orantinib,614,FALSE,614
909,AP26113,752,FALSE,NA
910,MGCD-265,441,FALSE,441
911,voxtalisib,970,FALSE,970
912,ABT-737,24,FALSE,24
913,amonafide,57,FALSE,57
914,vemurafenib,666,FALSE,666
915,MK-2461,451,FALSE,451
916,chicago-sky-blue-6b,NA,FALSE,NA
917,clofazimine,NA,FALSE,NA
918,nitarsone,NA,FALSE,NA
919,Y-39983,700,FALSE,700
920,enzalutamide,269,FALSE,269
921,fluroxene,NA,FALSE,NA
922,dacinostat,402,FALSE,402
923,selumetinib,104,FALSE,104
924,CCT129202,NA,FALSE,NA
925,dacomitinib,520,FALSE,520
926,Ro-9187,NA,FALSE,NA
927,BW-180C,NA,FALSE,NA
928,thiostrepton,NA,FALSE,NA
929,hesperadin,2845,FALSE,2845
930,betamethasone-dipropionate,NA,FALSE,NA
931,doxifluridine,1275,FALSE,1275
932,Ro-90-7501,NA,FALSE,NA
933,AT13387,86,FALSE,86
934,palmatine-chloride,NA,FALSE,NA
935,ONC201,763,FALSE,763
936,FK-866,234,FALSE,234
937,NMS-E973,NA,FALSE,NA
938,AZD6482,NA,FALSE,NA
939,acetylcysteine,766,FALSE,766
940,AZ3146,NA,FALSE,NA
941,naproxen,2677,FALSE,2677
942,MLN0128,NA,FALSE,NA
943,delanzomib,182,FALSE,182
944,tedizolid,NA,FALSE,NA
945,piperine,1124,FALSE,1124
946,ubenimex,1703,FALSE,1703
947,quinidine,775,TRUE,NA
948,quinidine,2183,TRUE,2183
949,levocarnitine,NA,FALSE,NA
950,vindesine,1684,FALSE,1684
951,LDN-212854,1662,FALSE,1662
952,cyclovalone,NA,FALSE,NA
953,CB-10-277,NA,FALSE,NA
954,sulfabenzamide,NA,FALSE,NA
955,crystal-violet,NA,FALSE,NA
956,tiagabine,1982,FALSE,1982
957,tyrphostin-AG-99,NA,FALSE,NA
958,MG-132,440,FALSE,440
959,niacin,920,TRUE,NA
960,niacin,1160,TRUE,NA
961,niacin,2287,TRUE,2287
962,GSK1292263,NA,FALSE,NA
963,brilliant-green,NA,FALSE,NA
964,ribavirin,885,FALSE,885
965,chlormidazole,NA,FALSE,NA
966,ONX-0914,488,FALSE,488
967,paricalcitol,1300,FALSE,1300
968,idelalisib,168,FALSE,168
969,PHA-848125,852,FALSE,852
970,rucinol,NA,FALSE,NA
971,SB-218795,NA,FALSE,NA
972,capecitabine,172,FALSE,172
973,combretastatin-A-4,NA,FALSE,NA
974,SGI-1027,NA,FALSE,NA
975,FPH1-(BRD-6125),NA,FALSE,NA
976,blebbistatin-(-),NA,FALSE,NA
977,endo-IWR-1,NA,FALSE,NA
978,SB-225002,NA,FALSE,NA
979,romidepsin,240,FALSE,240
980,thiomersal,NA,FALSE,NA
981,flumethasone,NA,FALSE,NA
982,SB-366791,NA,FALSE,NA
983,resatorvid,1297,FALSE,1297
984,FERb-033,NA,FALSE,NA
985,RGFP966,NA,FALSE,NA
986,fleroxacin,2726,FALSE,2726
987,"2,3-DCPE",NA,FALSE,NA
988,AS-1949490,988,FALSE,988
989,paclitaxel,498,FALSE,498
990,AVN-944,92,FALSE,92
991,anagrelide,2272,FALSE,2272
992,dihydroartemisinin,NA,FALSE,NA
993,deforolimus,455,FALSE,455
994,fluticasone-propionate,NA,FALSE,NA
995,PI3K-IN-2,NA,FALSE,NA
996,venetoclax,21,FALSE,21
997,lerisetron,NA,FALSE,NA
998,aztreonam,1139,FALSE,1139
999,idasanutlin,833,FALSE,833
1000,G-1 (NEW),152,TRUE,NA
1001,G-1,440,TRUE,NA
1002,G-1,579,TRUE,NA
1003,G-1,636,TRUE,NA
1004,G-1,706,TRUE,NA
1005,G-1,1390,TRUE,NA
1006,G-1,1455,TRUE,NA
1007,G-1,1744,TRUE,NA
1008,G-1,1851,TRUE,NA
1009,G-1,1945,TRUE,NA
1010,G-1,2058,TRUE,NA
1011,G-1,2213,TRUE,NA
1012,G-1,2261,TRUE,NA
1013,G-1,2273,TRUE,NA
1014,G-1,2282,TRUE,NA
1015,G-1,2470,TRUE,NA
1016,RU-58841,NA,FALSE,NA
1017,cholecalciferol,NA,FALSE,NA
1018,PD-98059,508,FALSE,508
1019,BMS-265246,1733,FALSE,1733
1020,tipifarnib,553,FALSE,553
1021,ZSTK-474,712,FALSE,712
1022,S-methylcysteine,NA,FALSE,NA
1023,epinephrine,1237,TRUE,NA
1024,epinephrine,2717,TRUE,2717
1025,semaxanib,2618,FALSE,2618
1026,temoporfin,NA,FALSE,NA
1027,acipimox,1114,FALSE,1114
1028,mycophenolic-acid,NA,FALSE,NA
1029,10-hydroxycamptothecin,13,TRUE,NA
1030,10-hydroxycamptothecin,15,TRUE,NA
1031,10-hydroxycamptothecin,850,TRUE,850
1032,raloxifene,559,FALSE,559
1033,2'-MeCCPA,NA,FALSE,NA
1034,gefitinib,304,FALSE,304
1035,vinflunine,1813,FALSE,1813
1036,ulipristal,NA,FALSE,NA
1037,Ro-4987655,743,FALSE,743
1038,TG100-115,636,FALSE,636
1039,PHA-793887,528,FALSE,528
1040,CYC116,225,FALSE,225
1041,ispinesib,361,FALSE,361
1042,AZ960,NA,FALSE,NA
1043,BI-2536,126,FALSE,126
1044,AMG-232,829,FALSE,829
1045,7-aminocephalosporanic-acid,NA,FALSE,NA
1046,nefiracetam,2844,FALSE,2844
1047,avanafil,NA,FALSE,NA
1048,diphenyleneiodonium,NA,FALSE,NA
1049,halobetasol-propionate,NA,FALSE,NA
1050,serdemetan,371,FALSE,371
1051,AZD1480,97,FALSE,97
1052,salidroside,1175,FALSE,1175
1053,CPP,NA,FALSE,NA
1054,TMC-353121,NA,FALSE,NA
1055,cinromide,NA,FALSE,NA
1056,fluvastatin,292,FALSE,292
1057,VU0364770,NA,FALSE,NA
1058,UH-232-(+),NA,FALSE,NA
1059,fludarabine,289,FALSE,289
1060,oxyquinoline,888,FALSE,NA
1061,MK-3207,2444,FALSE,2444
1062,oleoylethanolamide,NA,FALSE,NA
1063,altretamine,46,FALSE,46
1064,4E1RCat,NA,FALSE,NA
1065,iodipamide,NA,FALSE,NA
1066,SB-431542,585,FALSE,585
1067,naloxone,NA,FALSE,NA
1068,cyclocytidine,1573,FALSE,1573
1069,PQ-401,NA,FALSE,NA
1070,KU-0063794,898,FALSE,NA
1071,GDC-0879,2631,FALSE,2631
1072,rheochrysidin,NA,FALSE,NA
1073,pevonedistat,459,FALSE,459
1074,PI-103,530,FALSE,530
1075,eprosartan,2704,FALSE,2704
1076,MK-2206,450,FALSE,450
1077,palmitoylethanolamide,NA,FALSE,NA
1078,CGS-20625,NA,FALSE,NA
1079,epothilone-B,NA,FALSE,NA
1080,torin-2,1034,FALSE,1034
1081,trichostatin-a,NA,FALSE,NA
1082,tyrphostin-AG-1478,NA,FALSE,NA
1083,amsacrine,886,FALSE,886
1084,ZK-93426,NA,FALSE,NA
1085,EVP4593,NA,FALSE,NA
1086,proflavine-hemisulfate,NA,FALSE,NA
1087,carboxyamidotriazole,2048,FALSE,2048
1088,ENMD-2076,266,TRUE,266
1089,ENMD-2076,267,TRUE,NA
1090,ENMD-2076 (MERGE),2313,TRUE,NA
1091,dianhydrogalactitol,NA,FALSE,NA
1092,dicycloverine,NA,FALSE,NA
1093,SB-743921,588,FALSE,588
1094,12-O-tetradecanoylphorbol-13-acetate,NA,FALSE,NA
1095,BVT-948,NA,FALSE,NA
1096,ACDPP,NA,FALSE,NA
1097,lidamidine,NA,FALSE,NA
1098,PF-03814735,2803,FALSE,2803
1099,flumatinib,1152,FALSE,1152
1100,cephalomannine,2483,FALSE,2483
1101,GDC-0152,301,FALSE,301
1102,PF-3845,2503,FALSE,2503
1103,golvatinib,1706,FALSE,1706
1104,sertindole,NA,FALSE,NA
1105,cisplatin,202,FALSE,202
1106,NAN-190,NA,FALSE,NA
1107,vinorelbine,670,FALSE,670
1108,tacrolimus,617,FALSE,617
1109,idarubicin,343,FALSE,343
1110,bardoxolone-methyl,NA,FALSE,NA
1111,atorvastatin,741,FALSE,741
1112,mericitabine,NA,FALSE,NA
1113,volasertib,127,FALSE,127
1114,AZD8055,106,FALSE,106
1115,SMI-4a,2084,FALSE,2084
1116,vatalanib,189,FALSE,189
1117,INH1,NA,FALSE,NA
1118,riboflavin,1278,FALSE,1278
1119,ibrutinib,341,FALSE,341
1120,aripiprazole,1812,FALSE,1812
1121,erlotinib,274,FALSE,274
1122,nexturastat-A,NA,FALSE,NA
1123,BAY-87-2243,NA,FALSE,NA
1124,ranitidine,561,FALSE,561
1125,HMN-214,2697,FALSE,2697
1126,4-methylhistamine,NA,FALSE,NA
1127,BIBX-1382,NA,FALSE,NA
1128,masitinib,19,FALSE,19
1129,dorzolamide,1347,FALSE,1347
1130,fludarabine-phosphate,NA,FALSE,NA
1131,KD-023,NA,FALSE,NA
1132,birinapant,133,FALSE,133
1133,SNX-2112,607,FALSE,607
1134,KPT-185,393,FALSE,393
1135,GDC-0068,300,FALSE,300
1136,SNS-314,605,FALSE,605
1137,D-serine,NA,FALSE,NA
1138,epothilone-A,NA,FALSE,NA
1139,cytidine (NEW),95,TRUE,NA
1140,cytidine,238,TRUE,NA
1141,cytidine,306,TRUE,NA
1142,cytidine,772,TRUE,NA
1143,cytidine,858,TRUE,NA
1144,cytidine,1573,TRUE,NA
1145,vidarabine,64,FALSE,64
1146,cefditoren-pivoxil,NA,FALSE,NA
1147,TAME,242,TRUE,NA
1148,TAME,1060,TRUE,NA
1149,TAME,1753,TRUE,NA
1150,TAME,1948,TRUE,NA
1151,TAME,2230,TRUE,2230
1152,TAME,2740,TRUE,NA
1153,gilteritinib,810,FALSE,810
1154,baicalein,914,FALSE,914
1155,AZD5438,NA,FALSE,NA
1156,WZ-4002,683,FALSE,683
1157,etoposide-phosphate,NA,FALSE,NA
1158,ZM-447439,710,FALSE,710
1159,benzethonium,NA,FALSE,NA
1160,arcyriaflavin-a,NA,FALSE,NA
1161,xanomeline,NA,FALSE,NA
1162,CEP-37440,820,FALSE,820
1163,valrubicin,662,FALSE,662
1164,ZLN005,NA,FALSE,NA
1165,SNX-5422,518,FALSE,518
1166,tacalcitol,NA,FALSE,NA
1167,WZ-3146,2656,FALSE,2656
1168,4-methylgenistein,NA,FALSE,NA
1169,OSI-420,1079,FALSE,1079
1170,PF-04217903,516,FALSE,516
1171,dimethisoquin,NA,FALSE,NA
1172,bekanamycin,NA,FALSE,NA
1173,nizatidine,NA,FALSE,NA
1174,hexaminolevulinate,NA,FALSE,NA
1175,cinacalcet,2710,FALSE,2710
1176,BI-78D3,1256,FALSE,1256
1177,indibulin,708,FALSE,708
1178,naftifine,NA,FALSE,NA
1179,phenylmercuric-acetate,NA,FALSE,NA
1180,Se-methylselenocysteine,NA,FALSE,NA
1181,IKK-2-inhibitor-V,NA,FALSE,NA
1182,azithromycin,2586,FALSE,2586
1183,pazopanib,503,FALSE,503
1184,idronoxil,1094,FALSE,1094
1185,bosentan,NA,FALSE,NA
1186,SCH-900776,593,FALSE,593
1187,carbachol,NA,FALSE,NA
1188,alisertib,44,FALSE,44
1189,KPT-276,1305,FALSE,1305
1190,benzocaine,NA,FALSE,NA
1191,GS-39783,NA,FALSE,NA
1192,tioguanine,12,FALSE,NA
1193,SU014813,NA,FALSE,NA
1194,pitavastatin,836,FALSE,836
1195,oseltamivir-phosphate,NA,FALSE,NA
1196,guanidine,NA,FALSE,NA
1197,tyrphostin-AG-1296,NA,FALSE,NA
1198,JIB04,NA,FALSE,NA
1199,resiquimod,1579,FALSE,1579
1200,BMS-690514,147,FALSE,147
1201,CCT128930,178,FALSE,178
1202,idoxuridine,981,FALSE,981
1203,homoharringtonine,334,FALSE,334
1204,YM-155,703,FALSE,703
1205,RS-17053,NA,FALSE,NA
1206,tryptanthrin,NA,FALSE,NA
1207,WYE-354,1270,FALSE,1270
1208,gamma-aminobutyric-acid,NA,FALSE,NA
1209,triamcinolone,2318,FALSE,2318
1210,vandetanib,663,FALSE,663
1211,AEG3482,NA,FALSE,NA
1212,CUDC-907,220,FALSE,220
1213,SB-200646,NA,FALSE,NA
1214,dequalinium,NA,FALSE,NA
1215,3-deazaneplanocin-A,NA,FALSE,NA
1216,brefeldin-A,NA,FALSE,NA
1217,entinostat,268,FALSE,268
1218,NVP-BVU972,NA,FALSE,NA
1219,mebendazole,878,FALSE,878
1220,LY2090314,418,FALSE,418
1221,GW-788388,1608,FALSE,1608
1222,oxiperomide,NA,FALSE,NA
1223,menadione,930,FALSE,930
1224,A-674563,2772,FALSE,2772
1225,PF-4981517,NA,FALSE,NA
1226,crizotinib,216,FALSE,216
1227,SCS,NA,FALSE,NA
1228,dolastatin-10,NA,FALSE,NA
1229,ixazomib,457,TRUE,457
1230,ixazomib,462,TRUE,NA
1231,pentagastrin,1819,FALSE,1819
1232,suxibuzone,NA,FALSE,NA
1233,oxaliplatin,494,FALSE,494
1234,albendazole,1302,FALSE,1302
1235,nimorazole,1019,FALSE,1019
1236,PF-573228,1983,FALSE,1983
1237,decitabine,238,FALSE,238
1238,NVP-BHG712,479,FALSE,479
1239,erythritol,NA,FALSE,NA
1240,RI-1,NA,FALSE,NA
1241,CGM097,936,FALSE,936
1242,inosine,NA,FALSE,NA
1243,xilobam,NA,FALSE,NA
1244,Ro-10-5824,NA,FALSE,NA
1245,rubitecan,NA,FALSE,NA
1246,GW-583340,NA,FALSE,NA
1247,IEM1754,NA,FALSE,NA
1248,uracil (NEW )/ NSC  3970,10,TRUE,NA
1249,uracil,660,TRUE,NA
1250,uracil,916,TRUE,NA
1251,uracil,981,TRUE,NA
1252,uracil,2529,TRUE,NA
1253,TAK-285,1378,FALSE,1378
1254,triciribine,651,TRUE,NA
1255,triciribine,825,TRUE,825
1256,repsox,2175,FALSE,2175
1257,erteberel,1446,FALSE,1446
1258,SGI-1776,597,FALSE,597
1259,RS-16566,NA,FALSE,NA
1260,INC-280,NA,FALSE,NA
1261,azilsartan,NA,FALSE,NA
1262,NSC-632839,NA,FALSE,NA
1263,SCH-58261,NA,FALSE,NA
1264,tideglusib,2093,FALSE,2093
1265,maxacalcitol,NA,FALSE,NA
1266,JTE-607,NA,FALSE,NA
1267,vorinostat,673,FALSE,673
1268,CX-4945,222,FALSE,222
1269,tanespimycin,5,FALSE,5
1270,nilotinib,471,FALSE,471
1271,AC-264613,NA,FALSE,NA
1272,gastrodin,NA,FALSE,NA
1273,captamine,NA,FALSE,NA
1274,VTP-27999,NA,FALSE,NA
1275,WZ8040,NA,FALSE,NA
1276,PP-121,1820,FALSE,1820
1277,estrone,1374,FALSE,1374
1278,triclabendazole,NA,FALSE,NA
1279,SB-239063,584,FALSE,584
1280,amfenac,NA,FALSE,NA
1281,elesclomol,258,FALSE,258
1282,pyritinol,NA,FALSE,NA
1283,binimetinib,70,FALSE,70
1284,navitoclax,22,FALSE,22
1285,batimastat,2562,FALSE,2562
1286,PD-407824,NA,FALSE,NA
1287,repaglinide,1709,FALSE,1709
1288,navarixin,NA,FALSE,NA
1289,daclatasvir,1320,FALSE,1320
1290,ACY-1215,31,FALSE,31
1291,doxercalciferol,1339,FALSE,1339
1292,LY3023414,790,FALSE,790
1293,alogliptin,NA,FALSE,NA
1294,CI-844,NA,FALSE,NA
1295,litronesib,828,FALSE,828
1296,chloropyramine,1623,FALSE,1623
1297,FK-888,NA,FALSE,NA
1298,skepinone-L,NA,FALSE,NA
1299,NMS-1286937,760,FALSE,760
1300,PTC-209,NA,FALSE,NA
1301,JNJ-26481585,370,FALSE,370
1302,MLN8054,2002,FALSE,2002
1303,alvespimycin,6,FALSE,6
1304,nizofenone,NA,FALSE,NA
1305,candesartan,NA,FALSE,NA
1306,ercalcitriol,NA,FALSE,NA
1307,nelarabine,467,FALSE,467
1308,telatinib,960,FALSE,960
1309,trequinsin,NA,FALSE,NA
1310,radezolid,NA,FALSE,NA
1311,riociguat,2867,FALSE,2867
1312,sodium-tanshinone-II-A-sulfonate,NA,FALSE,NA
1313,almorexant,NA,FALSE,NA
1314,erdafitinib,739,FALSE,739
1315,IOWH032,NA,FALSE,NA
1316,sirolimus,562,TRUE,562
1317,sirolimus,631,TRUE,NA
1318,AZD2461,99,FALSE,99
1319,pilocarpine,NA,FALSE,NA
1320,aphidicolin,NA,FALSE,NA
1321,foscarnet,NA,FALSE,NA
1322,novobiocin,1787,FALSE,1787
1323,ramifenazone,NA,FALSE,NA
1324,dovitinib,193,FALSE,193
1325,sobetirome,NA,FALSE,NA
1326,ivermectin,366,FALSE,366
1327,neratinib,469,FALSE,469
1328,refametinib,563,FALSE,563
1329,AZD2858,100,FALSE,100
1330,kynurenic-acid,NA,FALSE,NA
1331,WAY-600,1539,FALSE,1539
1332,flubendazole,941,FALSE,941
1333,linsitinib,81,FALSE,81
1334,terconazole,NA,FALSE,NA
1335,AZD7762,105,FALSE,105
1336,R306465,NA,FALSE,NA
1337,embelin,261,FALSE,261
1338,SB-939,589,FALSE,589
1339,PF-04457845,1653,FALSE,1653
1340,dofetilide,2247,FALSE,2247
1341,cediranib,98,FALSE,98
1342,oltipraz,2661,FALSE,2661
1343,phenelzine,1154,FALSE,1154
1344,azodicarbonamide,NA,FALSE,NA
1345,PP242,540,FALSE,540
1346,OSI-027,489,FALSE,489
1347,norepinephrine,1237,FALSE,1237
1348,RS-504393,NA,FALSE,NA
1349,taltobulin,NA,FALSE,NA
1350,LY456236,NA,FALSE,NA
1351,cetylpyridinium,NA,FALSE,NA
1352,cyt387,229,FALSE,229
1353,istradefylline,362,FALSE,362
1354,AVL-292,839,FALSE,839
1355,melphalan,435,FALSE,435
1356,alvocidib,47,FALSE,47
1357,piretanide,NA,FALSE,NA
1358,naltrexone,2385,FALSE,2385
1359,pyrimethamine,787,FALSE,787
1360,KD025,NA,FALSE,NA
1361,bortezomib,153,FALSE,153
1362,iproniazid,NA,FALSE,NA
1363,nonoxynol-9,NA,FALSE,NA
1364,PD-198306,2285,FALSE,2285
1365,letrozole,409,FALSE,409
1366,elacridar,1215,FALSE,1215
1367,AS-703026,74,FALSE,74
1368,GSK923295,769,FALSE,769
1369,VLX600,NA,FALSE,NA
1370,fenretinide,284,FALSE,284
1371,tedizolid-phosphate,NA,FALSE,NA
1372,tandutinib,460,FALSE,460
1373,DCEBIO,NA,FALSE,NA
1374,RG108,NA,FALSE,NA
1375,vincamine,NA,FALSE,NA
1376,tepoxalin,NA,FALSE,NA
1377,raltitrexed,560,FALSE,560
1378,amprolium,NA,FALSE,NA
1379,spironolactone,NA,FALSE,NA
1380,chlorquinaldol,NA,FALSE,NA
1381,GW-843682X,328,FALSE,328
1382,AR-12,491,TRUE,491
1383,AR-12,578,TRUE,NA
1384,ipsapirone,NA,FALSE,NA
1385,oleanolic-acid,NA,FALSE,NA
1386,carboplatin,173,FALSE,173
1387,indiplon,2716,FALSE,2716
1388,anisomycin,NA,FALSE,NA
1389,pentostatin,512,FALSE,512
1390,mercaptopurine,11,TRUE,11
1391,mercaptopurine,12,TRUE,NA
1392,mercaptopurine,946,TRUE,NA
1393,trans-4-hydroxycrotonic-acid,NA,FALSE,NA
1394,ABT-751,2030,FALSE,2030
1395,ZK-811752,NA,FALSE,NA
1396,AM-251,NA,FALSE,NA
1397,triamterene,NA,FALSE,NA
1398,norethindrone,NA,FALSE,NA
1399,doxorubicin,251,TRUE,251
1400,doxorubicin,271,TRUE,NA
1401,doxorubicin,831,TRUE,NA
1402,exatecan-mesylate,NA,FALSE,NA
1403,lomitapide,NA,FALSE,NA
1404,tosedostat,647,FALSE,647
1405,mycophenolate-mofetil,NA,FALSE,NA
1406,GSK461364,318,FALSE,318
1407,bexarotene,122,FALSE,122
1408,cefpiramide,NA,FALSE,NA
1409,tirapazamine,1688,FALSE,1688
1410,PAC-1,497,FALSE,497
1411,cladribine,203,FALSE,203
1412,RAF265,558,FALSE,558
1413,diphemanil,NA,FALSE,NA
1414,hydrocortisone,853,TRUE,NA
1415,hydrocortisone,951,TRUE,951
1416,tamoxifen,626,FALSE,626
1417,ingenol-mebutate,NA,FALSE,NA
1418,taltirelin,2345,FALSE,2345
1419,quizartinib,27,FALSE,27
1420,TWS-119,2181,FALSE,2181
1421,fluocinolone-acetonide,NA,FALSE,NA
1422,PF-04136309,NA,FALSE,NA
1423,mevastatin,874,FALSE,874
1424,ICG-001,342,FALSE,342
1425,LDN-57444,1265,FALSE,1265
1426,telotristat-ethyl,NA,FALSE,NA
1427,chromocarb,NA,FALSE,NA
1428,talazoparib,139,FALSE,139
1429,SB-657510,NA,FALSE,NA
1430,PHA-665752,527,FALSE,527
1431,OLDA,NA,FALSE,NA
1432,PFK-015,NA,FALSE,NA
1433,RN-1734,NA,FALSE,NA
1434,trapidil,NA,FALSE,NA
1435,darifenacin,NA,FALSE,NA
1436,thiamine,NA,FALSE,NA
1437,PP-2,540,FALSE,NA
1438,SRT1720,1163,FALSE,1163
1439,deflazacort,1605,FALSE,1605
1440,azalomycin-B,2274,FALSE,2274
1441,brequinar,776,FALSE,776
1442,cidofovir,1328,TRUE,1328
1443,cidofovir,1883,TRUE,NA
1444,adefovir-dipivoxil,NA,FALSE,NA
1445,caffeic-acid-phenethyl-ester,NA,FALSE,NA
1446,TMS,NA,FALSE,NA
1447,metaraminol,NA,FALSE,NA
1448,Y-320,1238,FALSE,1238
1449,tofogliflozin,NA,FALSE,NA
1450,harringtonine,334,FALSE,NA
1451,chloramphenicol-palmitate,NA,FALSE,NA
1452,10-deacetylbaccatin,876,FALSE,876
1453,deferasirox,1045,FALSE,1045
1454,tezacaftor,NA,FALSE,NA
1455,PI-828,NA,FALSE,NA
1456,dihydroergocristine,NA,FALSE,NA
1457,diaveridine,NA,FALSE,NA
1458,gestrinone,NA,FALSE,NA
1459,P22077,NA,FALSE,NA
1460,chlorpropamide,NA,FALSE,NA
1461,nicorandil,1383,FALSE,1383
1462,aminophylline,NA,FALSE,NA
1463,beclomethasone-dipropionate,NA,FALSE,NA
1464,BMS-626529,NA,FALSE,NA
1465,SIB-1757,NA,FALSE,NA
1466,GSK-J4,2347,FALSE,2347
1467,finafloxacin,NA,FALSE,NA
1468,desoxycortone,NA,FALSE,NA
1469,parthenolide,186,TRUE,NA
1470,parthenolide,502,TRUE,502
1471,SB-2343,NA,FALSE,NA
1472,AZD5363,103,FALSE,103
1473,felbamate,1171,FALSE,1171
1474,AZD2014,898,FALSE,NA
1475,NSC-319726,838,FALSE,838
1476,ftorafur,629,FALSE,629
1477,genz-644282,308,FALSE,308
1478,plinabulin,978,FALSE,978
1479,PF-562271,525,FALSE,525
1480,tanaproget,NA,FALSE,NA
1481,motesanib,52,FALSE,52
1482,linifanib,25,FALSE,25
1483,hexachlorophene,NA,FALSE,NA
1484,lorlatinib,928,FALSE,928
1485,hexylresorcinol,NA,FALSE,NA
1486,bosutinib,154,FALSE,154
1487,ammonium-lactate,NA,FALSE,NA
1488,nemonapride,NA,FALSE,NA
1489,cromakalim,NA,FALSE,NA
1490,dichloroacetate,NA,FALSE,NA
1491,barasertib,755,FALSE,755
1492,brigatinib,752,FALSE,NA
1493,camptothecin,13,TRUE,NA
1494,camptothecin,15,TRUE,NA
1495,camptothecin,170,TRUE,170
1496,camptothecin,850,TRUE,NA
1497,cyclosporin-A,NA,FALSE,NA
1498,poziotinib,973,FALSE,973
1499,U-0126,2372,FALSE,2372